verb,cluster,x,y,z
counter,0,-49.71468429,4.590181075,-32.9361431
slash,0,-46.88788037,-4.348522993,-39.40920783
rein,0,-53.7518658,8.670292479,-37.62626738
redress,0,-37.85312489,11.83643358,-30.34118849
pare,0,-45.48341869,-8.261241196,-40.3143949
shave,0,-47.34911309,-9.723152845,-38.01815085
solve,0,-35.4071658,17.14176297,-32.11610398
mediate,0,-37.31085024,18.66024135,-32.1903636
confront,0,-35.15614974,17.29664303,-29.91441407
reconcile,0,-32.94517597,21.09175185,-27.69612988
